,Agent,Prior,Target,Score,SMILES,SMILES_state,MelaninBinding,MelaninBinding (raw),Irritation,Irritation (raw),CornealPermeabilityNorm,CornealPermeabilityNorm (raw),COX2Binding,COX2Binding (raw),QED,QED (raw),SAScore,SAScore (raw),SAScore.1,SAScore (raw).1,step,Molecule,LogP,SA,Brenk,logPerm
1,9.5161,27.4712,456.9312,3.7843943,COc1ccc(Cl)c(C=CC(C)C)c1,1,0.9437461,0.9437,0.97,0.97,0.8595821,0.8596,7.623,7.623,0.7324888108320904,0.7325,2.1527016,2.1527,2.1527016,2.1527,1,<rdkit.Chem.rdchem.Mol object at 0x790dd09f5ee0>,4.017800000000003,2.152701638323716,False,5.719164260071879
4,11.8085,26.7278,462.3241,3.8207179,Cc1oc(CCC(C)C)c(C)c1C,1,0.881475,0.8815,0.91,0.91,0.7880062,0.788,7.666,7.666,0.6893544205229389,0.6894,2.5983877,2.5984,2.5983877,2.5984,1,<rdkit.Chem.rdchem.Mol object at 0x790dd09f5f50>,3.793460000000003,2.598387713809732,False,5.576012375952978
9,10.1331,19.2684,400.9291,3.2827929,COc1ccc(OC)c(C(C)C)c1,1,0.9478157,0.9478,0.96,0.96,0.8463162,0.8463,6.533,6.533,0.7117190523980327,0.7117,1.530969,1.531,1.530969,1.531,1,<rdkit.Chem.rdchem.Mol object at 0x790dd09f61f0>,2.8272000000000013,1.5309689807780575,False,5.69263241473802
10,9.6987,27.0358,463.0259,3.8286068,CCC(C)C=Cc1ccccc1Cl,1,0.9241545,0.9242,0.97,0.97,0.873197,0.8732,7.53,7.53,0.6693363842859601,0.6693,2.6346005,2.6346,2.6346005,2.6346,1,<rdkit.Chem.rdchem.Mol object at 0x790dd09f6260>,4.399300000000003,2.634600513235876,False,5.746394082538868
13,11.6147,19.6317,433.8514,3.5428367,c1ccc(COCC2CCCC2)cc1,1,0.9683636,0.9684,0.85,0.85,0.8483027,0.8483,7.414,7.414,0.7067703255671539,0.7068,1.5772586,1.5773,1.5772586,1.5773,1,<rdkit.Chem.rdchem.Mol object at 0x790dd09f63b0>,3.3934000000000024,1.57725860767016,False,5.69660534322516
14,11.6805,22.4892,460.0717,3.7700069,COc1ccccc1OCc1ccc(Cl)cc1Cl,1,0.9647976,0.9648,0.73,0.73,0.6858756,0.6859,8.412,8.412,0.8171942415867525,0.8172,1.5419702,1.542,1.5419702,1.542,1,<rdkit.Chem.rdchem.Mol object at 0x790dd09f6420>,4.581000000000003,1.5419701771231367,False,5.371751124696511
16,13.6231,23.9693,483.3088,3.9631105,COc1cccc(-c2cccc(C)c2)c1OC,1,0.8013936,0.8014,0.94,0.94,0.7418158,0.7418,8.96,8.96,0.7974504857505516,0.7975,1.5785656,1.5786,1.5785656,1.5786,1,<rdkit.Chem.rdchem.Mol object at 0x790dd09f6500>,3.6792200000000026,1.578565620302097,False,5.483631500483373
19,8.6485,24.7969,461.7169,3.8008894,CC(C)C=Cc1cccc(Cl)c1Cl,1,0.8930855,0.8931,0.94,0.94,0.8321638,0.8322,7.751,7.751,0.6723114555839748,0.6723,2.2719202,2.2719,2.2719202,2.2719,1,<rdkit.Chem.rdchem.Mol object at 0x790dd09f6650>,4.662600000000002,2.271920189569265,False,5.664327632897706
20,16.2564,30.8332,513.2331,4.2505174,CCc1ccc(Cl)c(C2CCCCC2)c1C,1,0.8126489,0.8126,0.83,0.83,0.9521513,0.9522,9.474,9.474,0.6573116532325849,0.6573,2.1485146,2.1485,2.1485146,2.1485,2,<rdkit.Chem.rdchem.Mol object at 0x790dd09f66c0>,5.258520000000004,2.148514629194487,False,5.904302503445682
22,10.1642,28.0966,435.1378,3.6190185,CCCC(C=Cc1ccc(OC)c(OC)c1)CCC,1,0.9035538,0.9036,0.81,0.81,0.7575076,0.7575,7.373,7.373,0.6607857066504276,0.6608,2.2313201,2.2313,2.2313201,2.2313,2,<rdkit.Chem.rdchem.Mol object at 0x790dd09f67a0>,4.933400000000004,2.231320061086201,False,5.515015258058653
23,16.0507,21.6668,488.3277,3.9843319,COc1ccc(C)cc1S(=O)(=O)c1ccc(C)cc1,1,0.9707103,0.9707,0.68,0.68,0.6640783,0.6641,9.055,9.055,0.8646340280109353,0.8646,1.6946371,1.6946,1.6946371,1.6946,2,<rdkit.Chem.rdchem.Mol object at 0x790dd09f6810>,3.144840000000002,1.69463710920499,False,5.328156503762138
24,13.989,23.4449,485.0318,3.9724744,Cc1ccc(O)c(C=CC(C)C)c1C,1,0.9491429,0.9491,0.98,0.98,0.7213402,0.7213,8.084,8.084,0.7538826834981416,0.7539,2.5255534,2.5256,2.5255534,2.5256,2,<rdkit.Chem.rdchem.Mol object at 0x790dd09f6880>,3.6782400000000024,2.5255533507649037,False,5.442680485470382
25,14.26,29.0245,500.2493,4.1349521,COc1ccc(-c2ccc3c(C)cccc3c2)cc1OC,1,0.5451187,0.5451,0.74,0.74,0.7497004,0.7497,10.217,10.217,0.6826935224527853,0.6827,1.6893852,1.6894,1.6893852,1.6894,2,<rdkit.Chem.rdchem.Mol object at 0x790dd09f68f0>,4.832420000000004,1.6893851588937068,False,5.499400883366905
26,7.2566,24.5048,467.5156,3.8439089,COc1c(Cl)cccc1C=CC(C)C,1,0.946745,0.9467,0.95,0.95,0.8674136,0.8674,7.75,7.75,0.7324888108320904,0.7325,2.255196,2.2552,2.255196,2.2552,2,<rdkit.Chem.rdchem.Mol object at 0x790dd09f6960>,4.017800000000003,2.2551959703075237,False,5.734827202631374
27,10.8323,20.822,471.3737,3.8452786,Clc1cccc(OCc2ccccc2)c1Cl,1,0.9688375,0.9688,0.79,0.79,0.7862039,0.7862,8.607,8.607,0.7778456012673004,0.7778,1.4791431,1.4791,1.4791431,1.4791,2,<rdkit.Chem.rdchem.Mol object at 0x790dd09f69d0>,4.572400000000002,1.4791431241777637,False,5.572407776373224
28,14.9356,25.5472,474.3508,3.9054532,Cc1cc(C(C)C)ccc1-c1ccccc1,1,0.7849557,0.785,0.96,0.96,0.8186505,0.8187,8.909,8.909,0.6684747199581355,0.6685,1.5016777,1.5017,1.5016777,1.5017,2,<rdkit.Chem.rdchem.Mol object at 0x790dd09f6a40>,4.785420000000004,1.5016777061175652,False,5.637300917694257
30,12.6696,25.8715,409.6254,3.4023191,CCCc1cc(C)c(CC)o1,1,0.9121309,0.9121,0.99,0.99,0.8102758,0.8103,6.35,6.35,0.6482820614962439,0.6483,2.5251496,2.5251,2.5251496,2.5251,2,<rdkit.Chem.rdchem.Mol object at 0x790dd09f6b20>,3.102920000000002,2.5251495670664603,False,5.620551584745059
31,11.9368,26.53,432.3763,3.5852048,CCOc1cc(C)c(CC)cc1Cl,1,0.930157,0.9302,0.94,0.94,0.9182784,0.9183,7.188,7.188,0.7212457630492535,0.7212,1.8693927,1.8694,1.8693927,1.8694,2,<rdkit.Chem.rdchem.Mol object at 0x790dd09f6b90>,3.6095200000000025,1.8693927170417926,False,5.836556747968899
34,12.5536,23.7703,455.4562,3.7439572,COc1ccc(OC)c(CCCc2ccccc2OC)c1,1,0.7315148,0.7315,0.66,0.66,0.8443199,0.8443,8.343,8.343,0.7726137788082481,0.7726,1.7018352,1.7018,1.7018352,1.7018,2,<rdkit.Chem.rdchem.Mol object at 0x790dd09f6ce0>,3.8877000000000033,1.701835158893708,False,5.68863978873866
35,20.4408,29.0803,473.7166,3.9281004,CC=Cc1cc2cc(Cl)cc(Cl)c2s1,1,0.713248,0.7132,0.96,0.96,0.9545258,0.9545,7.848,7.848,0.6418968307107338,0.6419,2.939567,2.9396,2.939567,2.9396,2,<rdkit.Chem.rdchem.Mol object at 0x790dd09f6d50>,5.241200000000002,2.9395669762246825,False,5.909051514831547
37,10.7754,24.0975,489.6868,4.0139396,Clc1ccc(Sc2ccccc2Cl)c(Cl)c1,1,0.9077274,0.9077,0.95,0.95,0.7767326,0.7767,8.818,8.818,0.6732134192627142,0.6732,1.8821946,1.8822,1.8821946,1.8822,2,<rdkit.Chem.rdchem.Mol object at 0x790dd09f6e30>,5.798000000000002,1.882194629194485,False,5.553465129833186
39,8.1981,22.8056,462.3629,3.7903783,CC(C)C=Cc1ccc(Cl)cc1Cl,1,0.887424,0.8874,0.94,0.94,0.8259959,0.826,7.789,7.789,0.6723114555839748,0.6723,2.1834749,2.1835,2.1834749,2.1835,2,<rdkit.Chem.rdchem.Mol object at 0x790dd09f6f10>,4.662600000000003,2.183474914843991,False,5.6519917624747755
42,7.8009,19.1641,471.7481,3.8352516,Cc1ccccc1Sc1ccccc1,1,0.9152471,0.9152,1.0,1.0,0.8144239,0.8144,8.384,8.384,0.701536685076867,0.7015,1.5626975,1.5627,1.5626975,1.5627,3,<rdkit.Chem.rdchem.Mol object at 0x790dd09f7060>,4.146220000000003,1.5626974712456096,False,5.628847759052015
43,11.0705,19.3156,409.1972,3.3477566,CS(=O)(=O)C=Cc1ccccc1,1,0.9295356,0.9295,0.97,0.97,0.7177669,0.7178,6.503,6.503,0.6972830605245043,0.6973,2.019515,2.0195,2.019515,2.0195,3,<rdkit.Chem.rdchem.Mol object at 0x790dd09f70d0>,1.7019,2.019514987981264,False,5.435533829423914
44,5.3215,19.6652,425.8635,3.4806931,COc1ccc(C=CC(C)C)cc1,1,0.9256436,0.9256,0.99,0.99,0.8343753,0.8344,6.944,6.944,0.6857737152816353,0.6858,1.8427513,1.8428,1.8427513,1.8428,3,<rdkit.Chem.rdchem.Mol object at 0x790dd09f7140>,3.3644000000000025,1.8427512884703656,False,5.668750552376337
45,6.119,22.759,430.5867,3.5417635,COc1ccc(OC)c(C=CC(C)C)c1,1,0.9621965,0.9622,0.88,0.88,0.876102,0.8761,6.955,6.955,0.7515647777023574,0.7516,2.0376847,2.0377,2.0376847,2.0377,3,<rdkit.Chem.rdchem.Mol object at 0x790dd09f71b0>,3.373000000000002,2.037684713550634,False,5.752204074220519
46,12.2455,19.3032,469.7166,3.8204668,COc1ccccc1C1CCCCC1,1,0.937206,0.9372,0.9,0.9,0.8230723,0.8231,8.4,8.4,0.6898876120183569,0.6899,1.5681515,1.5682,1.5681515,1.5682,3,<rdkit.Chem.rdchem.Mol object at 0x790dd09f7220>,3.7429000000000023,1.568151505016715,False,5.646144638240806
48,7.873,21.0686,409.0581,3.3603651,CCSc1c(C)cccc1C,1,0.881475,0.8815,1.0,1.0,0.8383982,0.8384,6.497,6.497,0.6066018945122513,0.6066,2.0977096,2.0977,2.0977096,2.0977,3,<rdkit.Chem.rdchem.Mol object at 0x790dd09f7300>,3.415440000000002,2.0977095670664614,False,5.67679636759561
49,11.756,20.9446,458.6395,3.7467506,COc1ccc(Sc2cccc(OC)c2)cc1,1,0.9485872,0.9486,0.92,0.92,0.7921358,0.7921,7.911,7.911,0.8159125496170065,0.8159,1.6688879,1.6689,1.6688879,1.6689,3,<rdkit.Chem.rdchem.Mol object at 0x790dd09f7370>,3.855000000000002,1.6688879319190484,False,5.584271613540034
50,5.3215,19.6652,-19.6652,0.0,COc1ccc(C=CC(C)C)cc1,2,0.0,0.9256,0.0,0.99,0.0,0.8344,0.0,6.944,0.6857737152816353,0.6858,0.0,1.8428,0.0,1.8428,3,<rdkit.Chem.rdchem.Mol object at 0x790dd09f73e0>,3.3644000000000025,1.8427512884703656,False,5.668750552376337
51,19.5368,21.633,494.1999,4.0299439,CCCc1cc(=O)c2ccc(C)cc2o1,1,0.8095459,0.8095,0.92,0.92,0.9585885,0.9586,8.55,8.55,0.7487883390320219,0.7488,2.0823375,2.0823,2.0823375,2.0823,3,<rdkit.Chem.rdchem.Mol object at 0x790dd09f7450>,3.0539200000000015,2.0823375144083123,False,5.917177050865096
55,11.7489,22.1318,442.6879,3.6314037,CCC(C)Cc1ccc(Cl)cc1,1,0.9199907,0.92,0.96,0.96,0.8910516,0.8911,7.306,7.306,0.6647802752913268,0.6648,2.0085383,2.0085,2.0085383,2.0085,3,<rdkit.Chem.rdchem.Mol object at 0x790dd09f7610>,3.928600000000003,2.0085383386209035,False,5.782103217573609
58,7.5756,22.934,416.3747,3.4320993,CCOc1ccc(C=CC(C)C)cc1,1,0.9199907,0.92,0.98,0.98,0.8310645,0.8311,6.756,6.756,0.7021587676644412,0.7022,1.8857788,1.8858,1.8857788,1.8858,3,<rdkit.Chem.rdchem.Mol object at 0x790dd09f7760>,3.754500000000003,1.8857788105442097,False,5.662128944164838
59,12.3574,35.3669,459.2152,3.8639226,CCC(C)C=Cc1cc(Cl)c(Cl)cc1OC,1,0.9241707,0.9242,0.8,0.8,0.7817798,0.7818,7.682,7.682,0.733733115939006,0.7337,2.8518286,2.8518,2.8518286,2.8518,3,<rdkit.Chem.rdchem.Mol object at 0x790dd09f77d0>,5.061300000000004,2.8518286482354913,False,5.563559507527841
61,15.13,21.1363,459.6449,3.7561027,CCOc1ccc(Oc2cccc(C)c2)cc1,1,0.9093687,0.9094,0.96,0.96,0.8407231,0.8407,8.168,8.168,0.7809097618984366,0.7809,1.4394233,1.4394,1.4394233,1.4394,4,<rdkit.Chem.rdchem.Mol object at 0x790dd09f78b0>,4.186020000000003,1.4394232537400864,False,5.681446159402549
62,9.8586,17.7985,464.2623,3.7661002,O=c1ccccn1Cc1ccc(Cl)cc1,1,0.937473,0.9375,0.89,0.89,0.6201725,0.6202,8.288,8.288,0.7610585003977599,0.7611,1.6490984,1.6491,1.6490984,1.6491,4,<rdkit.Chem.rdchem.Mol object at 0x790dd09f7920>,2.5500000000000007,1.6490984139738636,False,5.240344938840154
64,15.922,20.4119,481.1889,3.9187564,OCc1ccc(-c2ccccc2Cl)cc1,1,0.8994238,0.8994,0.98,0.98,0.8506583,0.8507,8.661,8.661,0.8182179425392303,0.8182,1.4569299,1.4569,1.4569299,1.4569,4,<rdkit.Chem.rdchem.Mol object at 0x790dd09f7a00>,3.4993000000000016,1.4569298987681378,False,5.701316579944331
68,12.2813,20.4761,383.413,3.1553831,CCOc1ccc(Cl)cc1OCC,1,0.9621965,0.9622,0.87,0.87,0.761143,0.7611,6.254,6.254,0.7436691015954565,0.7437,1.4921513,1.4922,1.4921513,1.4922,4,<rdkit.Chem.rdchem.Mol object at 0x790dd09f7bc0>,3.1374000000000013,1.4921512884703638,False,5.52228597584668
70,9.881,28.5012,463.5191,3.8439089,COc1c(Cl)cccc1C=CC(C)C,1,0.946745,0.9467,0.95,0.95,0.8674136,0.8674,7.75,7.75,0.7324888108320904,0.7325,2.255196,2.2552,2.255196,2.2552,4,<rdkit.Chem.rdchem.Mol object at 0x790dd09f7ca0>,4.017800000000003,2.2551959703075237,False,5.734827202631374
73,14.2537,23.7691,494.6506,4.050154,Cc1ccc(COc2ccc(C)cc2Cl)cc1,1,0.9647976,0.9648,0.94,0.94,0.8881041,0.8881,9.113,9.113,0.7729011709425593,0.7729,1.4601233,1.4601,1.4601233,1.4601,4,<rdkit.Chem.rdchem.Mol object at 0x790dd09f7df0>,4.535840000000003,1.4601233126097863,False,5.776208168430324
76,15.402,21.4898,485.2551,3.9589444,COc1cccc(-c2cccc(Cl)c2)c1,1,0.8651642,0.8652,0.96,0.96,0.8583346,0.8583,9.04,9.04,0.7400817759334066,0.7401,1.3760684,1.3761,1.3760684,1.3761,4,<rdkit.Chem.rdchem.Mol object at 0x790dd09f7f40>,4.015600000000003,1.3760683603066006,False,5.7166692509777555
77,6.52,24.5048,-24.5048,0.0,COc1c(Cl)cccc1C=CC(C)C,2,0.0,0.9467,0.0,0.95,0.0,0.8674,0.0,7.75,0.7324888108320904,0.7325,0.0,2.2552,0.0,2.2552,4,<rdkit.Chem.rdchem.Mol object at 0x790dd0820040>,4.017800000000003,2.2551959703075237,False,5.734827202631374
78,9.5328,20.2304,360.076,2.9711439,COc1ccc(SC)cc1OC,1,0.9256436,0.9256,0.97,0.97,0.7354484,0.7354,5.602,5.602,0.6720731177459714,0.6721,1.652273,1.6523,1.652273,1.6523,4,<rdkit.Chem.rdchem.Mol object at 0x790dd08200b0>,2.4257,1.6522730299393054,False,5.470896733752486
79,10.2548,21.1122,455.5695,3.7240756,COc1ccc(Oc2ccccc2)cc1Cl,1,0.9647976,0.9648,0.82,0.82,0.8348726,0.8349,8.137,8.137,0.7947200232776763,0.7947,1.4314762,1.4315,1.4314762,1.4315,4,<rdkit.Chem.rdchem.Mol object at 0x790dd0820120>,4.140900000000002,1.4314762345456558,False,5.669745144159905
80,20.7765,24.8,484.9351,3.9823053,Cc1cc(-c2ccccc2)sc1-c1ccccn1,1,0.3611909,0.3612,0.75,0.75,0.6789853,0.679,9.816,9.816,0.6380782443057916,0.6381,2.025991,2.026,2.025991,2.026,5,<rdkit.Chem.rdchem.Mol object at 0x790dd0820190>,4.785520000000003,2.0259910428279078,False,5.357970601439802
81,13.5403,20.5567,404.1747,3.3182143,CCCNc1ccc(Cl)c(Cl)c1,1,0.9377177,0.9377,0.9,0.9,0.7876215,0.7876,6.592,6.592,0.7886043552591345,0.7886,1.6308115,1.6308,1.6308115,1.6308,5,<rdkit.Chem.rdchem.Mol object at 0x790dd0820200>,3.8153000000000024,1.6308114914777665,False,5.575242917414479
82,11.0164,21.65,465.0686,3.8024889,Clc1ccc(COc2ccc(Cl)c(Cl)c2)cc1,1,0.9526371,0.9526,0.75,0.75,0.7678228,0.7678,8.546,8.546,0.7512172407717145,0.7512,1.493556,1.4936,1.493556,1.4936,5,<rdkit.Chem.rdchem.Mol object at 0x790dd0820270>,5.225800000000002,1.4935560049174796,False,5.535645544957032
83,7.3873,21.8375,391.4927,3.2291421,CCSc1ccc(Cl)cc1Cl,1,0.887424,0.8874,1.0,1.0,0.7665656,0.7666,6.194,6.194,0.6574187792787651,0.6574,1.9390096,1.939,1.9390096,1.939,5,<rdkit.Chem.rdchem.Mol object at 0x790dd08202e0>,4.105400000000002,1.93900956706646,False,5.5331311847593545
84,16.8181,23.9643,449.4557,3.698594,COc1ccc(CSc2ccccc2OC)cc1,1,0.9636186,0.9636,0.82,0.82,0.7909775,0.791,7.945,7.945,0.7571221667085084,0.7571,1.6080489,1.608,1.6080489,1.608,5,<rdkit.Chem.rdchem.Mol object at 0x790dd0820350>,3.996100000000003,1.6080488579445777,False,5.58195505278587
85,8.1724,17.0258,446.2935,3.6196824,c1ccc(Sc2ccccc2)cc1,1,0.9348519,0.9349,1.0,1.0,0.8282255,0.8282,7.831,7.831,0.6863604140255062,0.6864,1.3726374,1.3726,1.3726374,1.3726,5,<rdkit.Chem.rdchem.Mol object at 0x790dd08203c0>,3.8378000000000023,1.3726374020928276,False,5.65645090776076
87,13.7132,30.1863,456.99,3.806065,CCCCc1c(C=CC(C)C)ccc(OC)c1O,1,0.951984,0.952,0.85,0.85,0.7366344,0.7366,7.609,7.609,0.8075204792125875,0.8075,2.4885401,2.4885,2.4885401,2.4885,5,<rdkit.Chem.rdchem.Mol object at 0x790dd08204a0>,4.412600000000005,2.488540072773704,False,5.4732687719675654
88,10.0677,17.7591,428.0332,3.4827524,c1ccc(Cn2cccc2)cc1,1,0.9002936,0.9003,0.95,0.95,0.8511307,0.8511,7.148,7.148,0.6309576086968518,0.631,1.7116146,1.7116,1.7116146,1.7116,5,<rdkit.Chem.rdchem.Mol object at 0x790dd0820510>,2.5364000000000004,1.7116146383309143,False,5.702261373472902
92,12.0252,23.3301,376.9158,3.126921,CCOc1ccc(OC)cc1C,1,0.9199907,0.92,0.95,0.95,0.8812524,0.8813,6.189,6.189,0.6860793260683209,0.6861,1.3846562,1.3847,1.3846562,1.3847,5,<rdkit.Chem.rdchem.Mol object at 0x790dd08206d0>,2.4023200000000005,1.384656246722523,False,5.762504885210213
93,6.1427,21.197,439.3161,3.5977589,COc1ccccc1C=CC(C)C,1,0.9241545,0.9242,0.99,0.99,0.8508917,0.8509,7.217,7.217,0.6857737152816353,0.6858,1.9622551,1.9623,1.9622551,1.9623,5,<rdkit.Chem.rdchem.Mol object at 0x790dd0820740>,3.3644000000000025,1.9622551346242112,False,5.701783476924984
94,13.1821,23.9703,482.6339,3.9578455,COc1ccc(-c2cccc(C)c2C)c(OC)c1,1,0.855329,0.8553,0.85,0.85,0.8558957,0.8559,8.73,8.73,0.8099170109909165,0.8099,1.6726025,1.6726,1.6726025,1.6726,5,<rdkit.Chem.rdchem.Mol object at 0x790dd08207b0>,3.9876400000000025,1.672602502914991,False,5.711791376093531
95,20.286,19.9559,503.8383,4.0921415,CC1(C)c2ccccc2CCC1O,1,0.9706825,0.9707,0.86,0.86,0.8137792,0.8138,8.5,8.5,0.6426192887800959,0.6426,2.6822082,2.6822,2.6822082,2.6822,5,<rdkit.Chem.rdchem.Mol object at 0x790dd0820820>,2.2713000000000005,2.682208205543569,False,5.627558318468085
98,7.7764,20.8436,-20.8436,0.0,COc1ccccc1C=CC(C)C,2,0.0,0.9242,0.0,0.99,0.0,0.8509,0.0,7.217,0.6857737152816353,0.6858,0.0,1.9623,0.0,1.9623,5,<rdkit.Chem.rdchem.Mol object at 0x790dd0820970>,3.3644000000000025,1.9622551346242112,False,5.701783476924984
99,10.0462,28.7184,463.5537,3.8458761,Cc1ccc(Cl)c(C=CC(C)C)c1,1,0.9199907,0.92,0.96,0.96,0.9277654,0.9278,7.826,7.826,0.658103794351689,0.6581,2.2200841,2.2201,2.2200841,2.2201,5,<rdkit.Chem.rdchem.Mol object at 0x790dd08209e0>,4.3176200000000025,2.220084145613221,False,5.855530797148077
100,9.0998,21.4697,469.4425,3.8352516,Cc1ccccc1Sc1ccccc1,1,0.9152471,0.9152,1.0,1.0,0.8144239,0.8144,8.384,8.384,0.701536685076867,0.7015,1.5626975,1.5627,1.5626975,1.5627,6,<rdkit.Chem.rdchem.Mol object at 0x790dd0820a50>,4.146220000000003,1.5626974712456096,False,5.628847759052015
103,7.1661,21.3503,371.5821,3.0697845,CCSc1ccccc1OC,1,0.9241545,0.9242,0.99,0.99,0.8251889,0.8252,5.789,5.789,0.6417407554152167,0.6417,1.7426053,1.7426,1.7426053,1.7426,6,<rdkit.Chem.rdchem.Mol object at 0x790dd0820ba0>,2.807200000000001,1.742605299076386,False,5.65037783140904
104,5.3992,22.6038,422.88,3.4803421,Cc1ccc(C=CC(C)C)o1,1,0.9199907,0.92,0.98,0.98,0.8508367,0.8508,6.577,6.577,0.6303122493380081,0.6303,2.5155357,2.5155,2.5155357,2.5155,6,<rdkit.Chem.rdchem.Mol object at 0x790dd0820c10>,3.257220000000002,2.515535720912613,False,5.701673385827722
106,13.8825,26.6458,453.767,3.7532251,C=Cc1cc(C)c(OC)c(OC)c1C,1,0.9403574,0.9404,0.92,0.92,0.7839826,0.784,7.388,7.388,0.7326360507468771,0.7326,2.5378427,2.5378,2.5378427,2.5378,6,<rdkit.Chem.rdchem.Mol object at 0x790dd0820cf0>,2.9636400000000016,2.5378427478543006,False,5.567965218832727
107,15.1717,24.0068,515.1329,4.2120295,Cc1ccccc1Cc1ccc(OCc2ccccc2)cc1,1,0.7480863,0.7481,0.75,0.75,0.7732829,0.7733,10.488,10.488,0.6294533142829805,0.6295,1.4938618,1.4939,1.4938618,1.4939,6,<rdkit.Chem.rdchem.Mol object at 0x790dd0820d60>,5.164820000000004,1.4938618187252182,False,5.5465657478061985
112,5.9099,21.4635,432.572,3.5471516,COc1ccc(C=CC(C)C)cc1OC,1,0.9621965,0.9622,0.89,0.89,0.765035,0.765,7.148,7.148,0.7515647777023573,0.7516,1.9140993,1.9141,1.9140993,1.9141,6,<rdkit.Chem.rdchem.Mol object at 0x790dd0820f90>,3.373000000000002,1.9140993476969754,False,5.530070091898133
114,13.6985,25.0869,406.5234,3.371956,CCCc1ccc(OC)cc1C,1,0.8729253,0.8729,0.98,0.98,0.8218749,0.8219,6.905,6.905,0.6670235496365852,0.667,1.5547541,1.5548,1.5547541,1.5548,6,<rdkit.Chem.rdchem.Mol object at 0x790dd0821070>,2.956120000000001,1.5547541488204253,False,5.6437498384258875
116,15.292,27.8801,414.5261,3.4562986,Cc1cc(C)c(CNCC(C)C)o1,1,0.951984,0.952,0.69,0.69,0.7557511,0.7558,6.686,6.686,0.7721263001871603,0.7721,2.4619844,2.462,2.4619844,2.462,6,<rdkit.Chem.rdchem.Mol object at 0x790dd0821150>,2.6420400000000006,2.461984365393441,False,5.511502199243733
121,16.5294,25.1813,461.5191,3.8023475,COc1cccc(OCCc2cccc(Cl)c2)c1,1,0.9568655,0.9569,0.78,0.78,0.8710041,0.871,8.265,8.265,0.8117479143220345,0.8117,1.5595767,1.5596,1.5595767,1.5596,7,<rdkit.Chem.rdchem.Mol object at 0x790dd0821380>,3.970100000000003,1.559576668595465,False,5.742008194503301
125,12.0908,20.0506,419.8742,3.4369133,COc1ccccc1-c1cccs1,1,0.8571693,0.8572,0.92,0.92,0.8720535,0.8721,7.057,7.057,0.7046457643886925,0.7046,1.5979523,1.598,1.5979523,1.598,7,<rdkit.Chem.rdchem.Mol object at 0x790dd0821540>,3.423700000000002,1.5979523006161145,False,5.744107023089139
127,9.5895,24.1071,459.0936,3.7750051,COc1cc(C)c(C=CC(C)C)c(OC)c1OC,1,0.9742789,0.9743,0.79,0.79,0.6758705,0.6759,7.641,7.641,0.7973221964430095,0.7973,2.4585866,2.4586,2.4585866,2.4586,7,<rdkit.Chem.rdchem.Mol object at 0x790dd0821620>,3.6900200000000023,2.4585865798380677,False,5.35174093914644
128,7.1745,27.3365,449.7633,3.7273424,CCSc1ccccc1C=CC(C)C,1,0.9199907,0.92,0.99,0.99,0.8195098,0.8195,7.371,7.371,0.6550176275994091,0.655,2.4487776,2.4488,2.4487776,2.4488,7,<rdkit.Chem.rdchem.Mol object at 0x790dd0821690>,4.467800000000004,2.448777627112257,False,5.639019611024196
130,16.6279,29.1309,495.3622,4.0976023,COc1ccc(C)c(-c2ccc(Cl)cc2C)c1OC,1,0.8149497,0.8149,0.71,0.71,0.7781332,0.7781,9.272,9.272,0.8129084838706641,0.8129,1.9170303,1.917,1.9170303,1.917,7,<rdkit.Chem.rdchem.Mol object at 0x790dd0821770>,4.641040000000003,1.9170303044712647,False,5.556266421376612
132,8.3385,28.5903,424.6761,3.5411444,CCOc1ccc(OC)cc1C=CC(C)C,1,0.9592,0.9592,0.89,0.89,0.8720882,0.8721,6.929,6.929,0.7517886299544196,0.7518,2.0692771,2.0693,2.0692771,2.0693,7,<rdkit.Chem.rdchem.Mol object at 0x790dd0821850>,3.7631000000000023,2.0692771466770026,False,5.744176337249469
133,12.4224,30.9977,457.8676,3.8192596,CCCc1cc(C=CC(C)C)c(OC)cc1OC,1,0.9582949,0.9583,0.77,0.77,0.8783888,0.8784,7.752,7.752,0.7458688822016156,0.7459,2.3259212,2.3259,2.3259212,2.3259,7,<rdkit.Chem.rdchem.Mol object at 0x790dd08218c0>,4.3255000000000035,2.3259212344691527,False,5.756777561789099
135,15.3771,26.7681,460.9158,3.8100308,COc1ccc(-c2c(C)coc2C)cc1,1,0.8697257,0.8697,0.87,0.87,0.8686857,0.8687,7.882,7.882,0.7423459035145418,0.7423,2.089587,2.0896,2.089587,2.0896,7,<rdkit.Chem.rdchem.Mol object at 0x790dd08219a0>,3.572040000000002,2.089586964957764,False,5.737371415275875
139,10.612,21.5232,451.7817,3.6976948,Oc1ccccc1Oc1ccc(Cl)cc1,1,0.9647976,0.9648,0.89,0.89,0.6522492,0.6522,8.077,8.077,0.833442060078624,0.8334,1.4881288,1.4881,1.4881288,1.4881,7,<rdkit.Chem.rdchem.Mol object at 0x790dd0821b60>,3.837900000000001,1.48812882542288,False,5.3044984952506935
142,11.0077,22.7229,426.6044,3.51037,CCCCc1ccc(CC)cc1OC,1,0.8729253,0.8729,0.95,0.95,0.8268057,0.8268,7.282,7.282,0.692284566176533,0.6923,1.634464,1.6345,1.634464,1.6345,8,<rdkit.Chem.rdchem.Mol object at 0x790dd0821cb0>,3.6002000000000027,1.6344640176448024,False,5.653611407734502
143,16.175,26.664,482.3087,3.9763495,Clc1cccc(Oc2c(Cl)cc(Cl)cc2Cl)c1,1,0.9077274,0.9077,0.88,0.88,0.6342836,0.6343,9.033,9.033,0.6517669968995583,0.6518,1.8084617,1.8085,1.8084617,1.8085,8,<rdkit.Chem.rdchem.Mol object at 0x790dd0821d20>,6.092500000000001,1.8084616718569233,False,5.268567251563251
144,14.1312,26.9637,486.8168,4.0139099,CCCCC1CCc2cc(C)ccc21,1,0.9162741,0.9163,0.81,0.81,0.9452503,0.9453,8.324,8.324,0.6660797952380508,0.6661,2.4665437,2.4665,2.4665437,2.4665,8,<rdkit.Chem.rdchem.Mol object at 0x790dd0821d90>,4.2150200000000035,2.4665436566114973,False,5.890500660978859
147,5.4126,20.9606,433.0748,3.5471516,COc1ccc(C=CC(C)C)cc1OC,1,0.9621965,0.9622,0.89,0.89,0.765035,0.765,7.148,7.148,0.7515647777023573,0.7516,1.9140993,1.9141,1.9140993,1.9141,8,<rdkit.Chem.rdchem.Mol object at 0x790dd0821ee0>,3.373000000000002,1.9140993476969754,False,5.530070091898133
148,9.239,29.1768,447.2922,3.7224145,CCc1cc(C=CC(C)C)c(OC)c(OC)c1,1,0.9554858,0.9555,0.85,0.85,0.7348906,0.7349,7.484,7.484,0.7680437555747149,0.768,2.3190124,2.319,2.3190124,2.319,8,<rdkit.Chem.rdchem.Mol object at 0x790dd0821f50>,3.935400000000003,2.319012401238549,False,5.469781137174855
150,13.1696,25.3705,395.2929,3.2864335,CSCc1cc(Cl)ccc1C,1,0.9012636,0.9013,0.98,0.98,0.7652047,0.7652,6.361,6.361,0.6814437298924148,0.6814,1.9254357,1.9254,1.9254357,1.9254,8,<rdkit.Chem.rdchem.Mol object at 0x790dd0822030>,3.511420000000002,1.9254357209126152,False,5.530409456828678
154,7.8827,20.4233,451.063,3.6834866,Cc1ccc(C=CC(C)C)cc1,1,0.9295356,0.9295,0.99,0.99,0.8464499,0.8464,7.631,7.631,0.6189701337184832,0.619,1.8861639,1.8862,1.8861639,1.8862,8,<rdkit.Chem.rdchem.Mol object at 0x790dd08221f0>,3.664220000000003,1.8861639390302152,False,5.692899756085117
156,8.3744,22.7298,462.4387,3.7903783,CC(C)C=Cc1ccc(Cl)cc1Cl,1,0.887424,0.8874,0.94,0.94,0.8259959,0.826,7.789,7.789,0.6723114555839748,0.6723,2.1834749,2.1835,2.1834749,2.1835,8,<rdkit.Chem.rdchem.Mol object at 0x790dd08222d0>,4.662600000000003,2.183474914843991,False,5.6519917624747755
157,15.4083,25.4053,446.8022,3.6891204,CC(C)C=Cc1ccc(O)c(F)c1,1,0.9592,0.9592,0.99,0.99,0.6674782,0.6675,7.365,7.365,0.7405389872189754,0.7405,2.3107567,2.3108,2.3107567,2.3108,8,<rdkit.Chem.rdchem.Mol object at 0x790dd0822340>,3.2005000000000017,2.3107566730857485,False,5.334956470826224
158,10.2081,23.4517,436.4697,3.5931356,COc1ccc(Br)cc1C=CC(C)C,1,0.9564492,0.9564,0.9,0.9,0.7571247,0.7571,7.089,7.089,0.7886786024027178,0.7887,2.164602,2.1646,2.164602,2.1646,8,<rdkit.Chem.rdchem.Mol object at 0x790dd08223b0>,4.126900000000003,2.1646020431820165,False,5.514249418373021
160,12.8374,23.9561,473.2061,3.8840801,CCCOc1ccccc1-c1ccccc1Cl,1,0.8527508,0.8528,0.82,0.82,0.8528834,0.8529,8.71,8.71,0.7533228982967565,0.7533,1.5415627,1.5416,1.5415627,1.5416,9,<rdkit.Chem.rdchem.Mol object at 0x790dd0822490>,4.795800000000003,1.5415626571937757,False,5.705766814457067
162,14.4455,19.4703,466.9544,3.8001926,COc1ccc(-c2cc(O)cc(O)c2)cc1,1,0.8052706,0.8053,0.97,0.97,0.5366913,0.5367,8.449,8.449,0.8110673593606219,0.8111,1.73249,1.7325,1.73249,1.7325,9,<rdkit.Chem.rdchem.Mol object at 0x790dd0822570>,2.7734000000000014,1.7324900138098709,False,5.0733826915043405
163,5.4032,22.759,430.5867,3.5417635,COc1ccc(OC)c(C=CC(C)C)c1,1,0.9621965,0.9622,0.88,0.88,0.876102,0.8761,6.955,6.955,0.7515647777023574,0.7516,2.0376847,2.0377,2.0376847,2.0377,9,<rdkit.Chem.rdchem.Mol object at 0x790dd08225e0>,3.373000000000002,2.037684713550634,False,5.752204074220519
166,11.3266,21.2023,461.3635,3.7700454,COc1ccc(Oc2cc(Cl)cc(Cl)c2)cc1,1,0.9485872,0.9486,0.81,0.81,0.7904406,0.7904,8.155,8.155,0.796726749208286,0.7967,1.626606,1.6266,1.626606,1.6266,9,<rdkit.Chem.rdchem.Mol object at 0x790dd0822730>,4.7943000000000024,1.6266060049174786,False,5.580881268169816
167,13.327,21.8093,503.6496,4.1051477,Cc1c(C)n(Cc2ccccc2)c2ccccc12,1,0.5411693,0.5412,0.66,0.66,0.9348087,0.9348,10.201,10.201,0.6235824548900658,0.6236,1.6001832,1.6002,1.6001832,1.6002,9,<rdkit.Chem.rdchem.Mol object at 0x790dd08227a0>,4.306440000000003,1.6001831774712052,False,5.869617392741194
169,9.7315,22.623,459.7059,3.7681943,Fc1ccccc1Sc1ccccc1,1,0.9403195,0.9403,0.96,0.96,0.7800068,0.78,8.142,8.142,0.7126945606813023,0.7127,1.6037496,1.6037,1.6037496,1.6037,9,<rdkit.Chem.rdchem.Mol object at 0x790dd0822880>,3.9769000000000023,1.6037496288441098,False,5.56001363018013
171,21.0282,36.0083,502.6473,4.2082466,CCc1c(C)ccc2c(=O)c(-c3cc(C)ccc3OC)coc12,1,0.5300006,0.53,0.48,0.48,0.741055,0.7411,10.312,10.312,0.7068709040929622,0.7069,2.3106857,2.3107,2.3106857,2.3107,9,<rdkit.Chem.rdchem.Mol object at 0x790dd0822960>,4.647840000000003,2.310685686435372,False,5.482110023796602
172,16.3996,25.486,485.4191,3.9914468,Cc1ccc(CCCc2ccc(Cl)cc2)cc1C,1,0.6015729,0.6016,0.9,0.9,0.916245,0.9162,9.307,9.307,0.7130160664816938,0.713,1.55122,1.5512,1.55122,1.5512,9,<rdkit.Chem.rdchem.Mol object at 0x790dd08229d0>,5.132140000000004,1.5512199508787923,False,5.83249003507199
180,4.6245,22.4541,441.6109,3.6255074,CC(C)C=Cc1ccccc1Cl,1,0.9241545,0.9242,0.98,0.98,0.8971257,0.8971,7.25,7.25,0.6453929125094889,0.6454,2.0579569,2.058,2.0579569,2.058,10,<rdkit.Chem.rdchem.Mol object at 0x790dd0822d50>,4.0092000000000025,2.057956946023223,False,5.794251468425392
181,15.4027,30.905,477.87,3.9748045,Cc1ccccc1CCCc1occc1C,1,0.8236467,0.8236,0.84,0.84,0.8645126,0.8645,8.467,8.467,0.7473262703298503,0.7473,2.1415461,2.1415,2.1415461,2.1415,10,<rdkit.Chem.rdchem.Mol object at 0x790dd0822dc0>,4.071740000000003,2.141546134211209,False,5.729025232255465
182,6.5058,21.3503,371.5821,3.0697845,CCSc1ccccc1OC,1,0.9241545,0.9242,0.99,0.99,0.8251889,0.8252,5.789,5.789,0.6417407554152167,0.6417,1.7426053,1.7426,1.7426053,1.7426,10,<rdkit.Chem.rdchem.Mol object at 0x790dd0822e30>,2.807200000000001,1.742605299076386,False,5.65037783140904
184,17.8676,26.5295,475.0083,3.9182639,CC(C)(Cc1cccs1)c1ccccc1,1,0.9708912,0.9709,0.8,0.8,0.8697054,0.8697,8.286,8.286,0.718523152087619,0.7185,2.041682,2.0417,2.041682,2.0417,10,<rdkit.Chem.rdchem.Mol object at 0x790dd0822f10>,4.268400000000003,2.0416819560132193,False,5.739410869983474
185,10.5483,21.8031,411.2322,3.3830887,CC(C)Cc1ccccc1Cl,1,0.9199907,0.92,0.98,0.98,0.8835475,0.8835,6.936,6.936,0.6339496102470316,0.6339,1.5042311,1.5042,1.5042311,1.5042,10,<rdkit.Chem.rdchem.Mol object at 0x790dd0822f80>,3.5385000000000026,1.5042311055279995,False,5.767095037407924
187,8.932,20.7261,458.5085,3.7440202,Clc1ccccc1-c1ccccc1Cl,1,0.7688133,0.7688,1.0,1.0,0.8498271,0.8498,8.499,8.499,0.658951175302544,0.659,1.3269789,1.327,1.3269789,1.327,10,<rdkit.Chem.rdchem.Mol object at 0x790dd0823060>,4.660400000000002,1.3269789126626392,False,5.699654116972814
188,10.9402,25.7244,431.067,3.5686834,CC=Cc1cc(OC)c(OC)c(OC)c1C,1,0.9742789,0.9743,0.85,0.85,0.6839965,0.684,6.984,6.984,0.7832513696313834,0.7833,2.3769188,2.3769,2.3769188,2.3769,10,<rdkit.Chem.rdchem.Mol object at 0x790dd08230d0>,3.0539200000000015,2.3769187794628213,False,5.367992947465089
189,9.3541,27.9076,447.4597,3.7138076,CCCC(C=Cc1ccccc1OC)CCC,1,0.9035538,0.9036,0.95,0.95,0.8380826,0.8381,7.474,7.474,0.6477175361986481,0.6477,2.27308,2.2731,2.27308,2.2731,10,<rdkit.Chem.rdchem.Mol object at 0x790dd0823140>,4.924800000000005,2.273080043379018,False,5.676165152921146
190,14.1168,21.2933,479.0542,3.9089648,CCOc1ccccc1CCc1ccccc1,1,0.9440399,0.944,0.94,0.94,0.8519122,0.8519,8.736,8.736,0.7516526431834779,0.7517,1.4212349,1.4212,1.4212349,1.4212,10,<rdkit.Chem.rdchem.Mol object at 0x790dd08231b0>,3.8705000000000025,1.4212348895328635,False,5.703824435755646
192,9.2477,22.2412,485.3835,3.9658185,Cc1ccc(C)n1Cc1cccc(Cl)c1,1,0.9056775,0.9057,0.88,0.88,0.9191175,0.9191,8.484,8.484,0.7241426900404152,0.7241,1.911321,1.9113,1.911321,1.9113,10,<rdkit.Chem.rdchem.Mol object at 0x790dd0823290>,3.8066400000000034,1.9113210308918287,False,5.838234939391664
194,13.7181,21.517,386.6741,3.1889932,Cc1cc(Cl)ccc1OCCO,1,0.9564492,0.9564,0.88,0.88,0.6606302,0.6606,6.285,6.285,0.7829070369668768,0.7829,1.653087,1.6531,1.653087,1.6531,10,<rdkit.Chem.rdchem.Mol object at 0x790dd0823370>,2.0195199999999995,1.6530870159532913,False,5.321260492036096
195,5.3877,22.759,430.5867,3.5417635,COc1ccc(OC)c(C=CC(C)C)c1,1,0.9621965,0.9622,0.88,0.88,0.876102,0.8761,6.955,6.955,0.7515647777023574,0.7516,2.0376847,2.0377,2.0376847,2.0377,10,<rdkit.Chem.rdchem.Mol object at 0x790dd08233e0>,3.373000000000002,2.037684713550634,False,5.752204074220519
198,12.5736,21.8861,452.8067,3.7085374,Clc1cccc(SC2CCCC2)c1,1,0.932368,0.9324,0.84,0.84,0.8558148,0.8558,7.599,7.599,0.701560680410183,0.7016,2.0591276,2.0591,2.0591276,2.0591,10,<rdkit.Chem.rdchem.Mol object at 0x790dd0823530>,4.3747000000000025,2.0591276042598388,False,5.7116295769455965
